{
    "fields": [
        {
            "name": "id",
            "labels": "Id",
            "html-type": "text",
            "css-class": "",
            "options": {},
            "html-value": null,
            "validation": "",
            "is-on-index": false,
            "is-on-show": false,
            "is-on-form": false,
            "data-type": "string",
            "data-type-params": [],
            "data-value": null,
            "is-index": false,
            "is-unique": false,
            "is-primary": true,
            "comment": null,
            "is-nullable": false,
            "is-header": false,
            "is-unsigned": true,
            "is-auto-increment": true,
            "is-inline-options": false,
            "is-date": false,
            "date-format": "",
            "cast-as": "",
            "placeholder": "Enter id here...",
            "delimiter": "; ",
            "range": [],
            "foreign-relation": null,
            "foreign-constraint": null,
            "on-store": null,
            "on-update": null,
            "api-key": "id",
            "is-api-visible": true,
            "api-description": "The id of the model."
        },
        {
            "name": "email",
            "labels": "Email",
            "html-type": "text",
            "css-class": "",
            "options": {},
            "html-value": null,
            "validation": "required",
            "is-on-index": true,
            "is-on-show": true,
            "is-on-form": true,
            "data-type": "string",
            "data-type-params": [
                255
            ],
            "data-value": null,
            "is-index": false,
            "is-unique": false,
            "is-primary": false,
            "comment": null,
            "is-nullable": false,
            "is-header": false,
            "is-unsigned": false,
            "is-auto-increment": false,
            "is-inline-options": false,
            "is-date": false,
            "date-format": "",
            "cast-as": "",
            "placeholder": "Enter email here...",
            "delimiter": "; ",
            "range": [],
            "foreign-relation": null,
            "foreign-constraint": null,
            "on-store": null,
            "on-update": null,
            "api-key": "email",
            "is-api-visible": true,
            "api-description": "The email of the model."
        },
        {
            "name": "staff_ara_id",
            "labels": "Staff Ara",
            "html-type": "select",
            "css-class": "",
            "options": {},
            "html-value": null,
            "validation": "nullable",
            "is-on-index": true,
            "is-on-show": true,
            "is-on-form": true,
            "data-type": "string",
            "data-type-params": [
                255
            ],
            "data-value": null,
            "is-index": true,
            "is-unique": false,
            "is-primary": false,
            "comment": null,
            "is-nullable": true,
            "is-header": false,
            "is-unsigned": true,
            "is-auto-increment": false,
            "is-inline-options": false,
            "is-date": false,
            "date-format": "",
            "cast-as": "",
            "placeholder": "Select staff ara",
            "delimiter": "; ",
            "range": [],
            "foreign-relation": {
                "name": "staffAra",
                "type": "belongsTo",
                "params": [
                    "App\\Models\\StaffAra",
                    "staff_ara_id"
                ],
                "field": "id"
            },
            "foreign-constraint": null,
            "on-store": null,
            "on-update": null,
            "api-key": "staff_ara_id",
            "is-api-visible": true,
            "api-description": "The staff ara of the model."
        },
        {
            "name": "cbt_exam_id",
            "labels": "Cbt Exam",
            "html-type": "select",
            "css-class": "",
            "options": {},
            "html-value": null,
            "validation": "required",
            "is-on-index": true,
            "is-on-show": true,
            "is-on-form": true,
            "data-type": "string",
            "data-type-params": [],
            "data-value": null,
            "is-index": true,
            "is-unique": false,
            "is-primary": false,
            "comment": null,
            "is-nullable": false,
            "is-header": false,
            "is-unsigned": true,
            "is-auto-increment": false,
            "is-inline-options": false,
            "is-date": false,
            "date-format": "",
            "cast-as": "",
            "placeholder": "Select cbt exam",
            "delimiter": "; ",
            "range": [],
            "foreign-relation": {
                "name": "CbtExam",
                "type": "belongsTo",
                "params": [
                    "App\\Models\\CbtExam",
                    "cbt_exam_id",
                    "id"
                ],
                "field": "title"
            },
            "foreign-constraint": {
                "field": "cbt_exam_id",
                "references": "cbt_exams",
                "on": "id",
                "on-delete": "cascade",
                "on-update": "no action",
                "references-model": "App\\Models\\CbtExam",
                "is-self-reference": false
            },
            "on-store": null,
            "on-update": null,
            "api-key": "cbt_exam_id",
            "is-api-visible": true,
            "api-description": "The cbt exam of the model."
        },
        {
            "name": "surname",
            "labels": "Surname",
            "html-type": "text",
            "css-class": "",
            "options": {},
            "html-value": null,
            "validation": "required|string|min:1|max:255",
            "is-on-index": true,
            "is-on-show": true,
            "is-on-form": true,
            "data-type": "string",
            "data-type-params": [
                255
            ],
            "data-value": null,
            "is-index": false,
            "is-unique": false,
            "is-primary": false,
            "comment": null,
            "is-nullable": false,
            "is-header": false,
            "is-unsigned": false,
            "is-auto-increment": false,
            "is-inline-options": false,
            "is-date": false,
            "date-format": "",
            "cast-as": "",
            "placeholder": "Enter surname here...",
            "delimiter": "; ",
            "range": [],
            "foreign-relation": null,
            "foreign-constraint": null,
            "on-store": null,
            "on-update": null,
            "api-key": "surname",
            "is-api-visible": true,
            "api-description": "The surname of the model."
        },
        {
            "name": "first_name",
            "labels": "First Name",
            "html-type": "text",
            "css-class": "",
            "options": {},
            "html-value": null,
            "validation": "required|string|min:1|max:255",
            "is-on-index": true,
            "is-on-show": true,
            "is-on-form": true,
            "data-type": "string",
            "data-type-params": [
                255
            ],
            "data-value": null,
            "is-index": false,
            "is-unique": false,
            "is-primary": false,
            "comment": null,
            "is-nullable": false,
            "is-header": false,
            "is-unsigned": false,
            "is-auto-increment": false,
            "is-inline-options": false,
            "is-date": false,
            "date-format": "",
            "cast-as": "",
            "placeholder": "Enter first name here...",
            "delimiter": "; ",
            "range": [],
            "foreign-relation": null,
            "foreign-constraint": null,
            "on-store": null,
            "on-update": null,
            "api-key": "first_name",
            "is-api-visible": true,
            "api-description": "The first name of the model."
        },
        {
            "name": "other_names",
            "labels": "Other Names",
            "html-type": "text",
            "css-class": "",
            "options": {},
            "html-value": null,
            "validation": "nullable|string|min:0|max:255",
            "is-on-index": true,
            "is-on-show": true,
            "is-on-form": true,
            "data-type": "string",
            "data-type-params": [
                255
            ],
            "data-value": null,
            "is-index": false,
            "is-unique": false,
            "is-primary": false,
            "comment": null,
            "is-nullable": true,
            "is-header": false,
            "is-unsigned": false,
            "is-auto-increment": false,
            "is-inline-options": false,
            "is-date": false,
            "date-format": "",
            "cast-as": "",
            "placeholder": "Enter other names here...",
            "delimiter": "; ",
            "range": [],
            "foreign-relation": null,
            "foreign-constraint": null,
            "on-store": null,
            "on-update": null,
            "api-key": "other_names",
            "is-api-visible": true,
            "api-description": "The other names of the model."
        },
        {
            "name": "age",
            "labels": "Age",
            "html-type": "number",
            "css-class": "",
            "options": {},
            "html-value": null,
            "validation": "required|numeric|min:0|max:4294967295",
            "is-on-index": true,
            "is-on-show": true,
            "is-on-form": true,
            "data-type": "int",
            "data-type-params": [],
            "data-value": null,
            "is-index": false,
            "is-unique": false,
            "is-primary": false,
            "comment": null,
            "is-nullable": false,
            "is-header": false,
            "is-unsigned": true,
            "is-auto-increment": false,
            "is-inline-options": false,
            "is-date": false,
            "date-format": "",
            "cast-as": "",
            "placeholder": "Enter age here...",
            "delimiter": "; ",
            "range": [],
            "foreign-relation": null,
            "foreign-constraint": null,
            "on-store": null,
            "on-update": null,
            "api-key": "age",
            "is-api-visible": true,
            "api-description": "The age of the model."
        },
        {
            "name": "gender",
            "labels": "Gender",
            "html-type": "select",
            "css-class": "",
            "options": {
                "male": "Male",
                "female": "Female"
            },
            "html-value": null,
            "validation": "required",
            "is-on-index": true,
            "is-on-show": true,
            "is-on-form": true,
            "data-type": "enum",
            "data-type-params": [
                6
            ],
            "data-value": null,
            "is-index": false,
            "is-unique": false,
            "is-primary": false,
            "comment": null,
            "is-nullable": false,
            "is-header": false,
            "is-unsigned": false,
            "is-auto-increment": false,
            "is-inline-options": false,
            "is-date": false,
            "date-format": "",
            "cast-as": "",
            "placeholder": "Enter gender here...",
            "delimiter": "; ",
            "range": [],
            "foreign-relation": null,
            "foreign-constraint": null,
            "on-store": null,
            "on-update": null,
            "api-key": "gender",
            "is-api-visible": true,
            "api-description": "The gender of the model."
        },
        {
            "name": "state",
            "labels": "State",
            "html-type": "text",
            "css-class": "",
            "options": {},
            "html-value": null,
            "validation": "required|string|min:1|max:255",
            "is-on-index": true,
            "is-on-show": true,
            "is-on-form": true,
            "data-type": "string",
            "data-type-params": [
                255
            ],
            "data-value": null,
            "is-index": false,
            "is-unique": false,
            "is-primary": false,
            "comment": null,
            "is-nullable": false,
            "is-header": false,
            "is-unsigned": false,
            "is-auto-increment": false,
            "is-inline-options": false,
            "is-date": false,
            "date-format": "",
            "cast-as": "",
            "placeholder": "Enter state here...",
            "delimiter": "; ",
            "range": [],
            "foreign-relation": null,
            "foreign-constraint": null,
            "on-store": null,
            "on-update": null,
            "api-key": "state",
            "is-api-visible": true,
            "api-description": "The state of the model."
        },
        {
            "name": "address",
            "labels": "Address",
            "html-type": "textarea",
            "css-class": "",
            "options": {},
            "html-value": null,
            "validation": "required",
            "is-on-index": false,
            "is-on-show": true,
            "is-on-form": true,
            "data-type": "text",
            "data-type-params": [],
            "data-value": null,
            "is-index": false,
            "is-unique": false,
            "is-primary": false,
            "comment": null,
            "is-nullable": false,
            "is-header": false,
            "is-unsigned": false,
            "is-auto-increment": false,
            "is-inline-options": false,
            "is-date": false,
            "date-format": "",
            "cast-as": "",
            "placeholder": "Enter address here...",
            "delimiter": "; ",
            "range": [],
            "foreign-relation": null,
            "foreign-constraint": null,
            "on-store": null,
            "on-update": null,
            "api-key": "address",
            "is-api-visible": true,
            "api-description": "The address of the model."
        },
        {
            "name": "phone_number",
            "labels": "Phone Number",
            "html-type": "text",
            "css-class": "",
            "options": {},
            "html-value": null,
            "validation": "required|numeric",
            "is-on-index": false,
            "is-on-show": true,
            "is-on-form": true,
            "data-type": "string",
            "data-type-params": [
                20
            ],
            "data-value": null,
            "is-index": false,
            "is-unique": false,
            "is-primary": false,
            "comment": null,
            "is-nullable": false,
            "is-header": false,
            "is-unsigned": false,
            "is-auto-increment": false,
            "is-inline-options": false,
            "is-date": false,
            "date-format": "",
            "cast-as": "",
            "placeholder": "Enter phone number here...",
            "delimiter": "; ",
            "range": [],
            "foreign-relation": null,
            "foreign-constraint": null,
            "on-store": null,
            "on-update": null,
            "api-key": "phone_number",
            "is-api-visible": true,
            "api-description": "The phone number of the model."
        },
        {
            "name": "created_at",
            "labels": "Created At",
            "html-type": "text",
            "css-class": "",
            "options": {},
            "html-value": null,
            "validation": "",
            "is-on-index": false,
            "is-on-show": true,
            "is-on-form": false,
            "data-type": "timestamp",
            "data-type-params": [],
            "data-value": null,
            "is-index": false,
            "is-unique": false,
            "is-primary": false,
            "comment": null,
            "is-nullable": true,
            "is-header": false,
            "is-unsigned": false,
            "is-auto-increment": false,
            "is-inline-options": false,
            "is-date": false,
            "date-format": "j/n/Y g:i A",
            "cast-as": "",
            "placeholder": "Enter created at here...",
            "delimiter": "; ",
            "range": [],
            "foreign-relation": null,
            "foreign-constraint": null,
            "on-store": null,
            "on-update": null,
            "api-key": "created_at",
            "is-api-visible": false,
            "api-description": "The created at of the model."
        },
        {
            "name": "updated_at",
            "labels": "Updated At",
            "html-type": "text",
            "css-class": "",
            "options": {},
            "html-value": null,
            "validation": "",
            "is-on-index": false,
            "is-on-show": true,
            "is-on-form": false,
            "data-type": "timestamp",
            "data-type-params": [],
            "data-value": null,
            "is-index": false,
            "is-unique": false,
            "is-primary": false,
            "comment": null,
            "is-nullable": true,
            "is-header": false,
            "is-unsigned": false,
            "is-auto-increment": false,
            "is-inline-options": false,
            "is-date": false,
            "date-format": "j/n/Y g:i A",
            "cast-as": "",
            "placeholder": "Enter updated at here...",
            "delimiter": "; ",
            "range": [],
            "foreign-relation": null,
            "foreign-constraint": null,
            "on-store": null,
            "on-update": null,
            "api-key": "updated_at",
            "is-api-visible": false,
            "api-description": "The updated at of the model."
        }
    ],
    "relations": [
        {
            "name": "cbtQuestionResponse",
            "type": "hasOne",
            "params": [
                "App\\Models\\CbtQuestionResponse",
                "cbt_exam_candidate_id",
                "id"
            ],
            "field": "id"
        }
    ],
    "indexes": [],
    "auto-manage-created-and-updated-at": true,
    "table-name": "cbt_exam_candidates",
    "protection": {
        "is-model-protected": false,
        "is-controller-protected": false,
        "is-api-resource-protected": false,
        "is-api-resource-collection-protected": false,
        "is-api-documentation-protected": false,
        "is-api-documentation-controller-protected": false,
        "is-form-request-protected": false,
        "is-languages-protected": false,
        "is-form-view-protected": false,
        "is-index-view-protected": false,
        "is-create-view-protected": false,
        "is-edit-view-protected": false,
        "is-show-view-protected": false
    },
    "api-documentation": {
        "access_token_with_bearer": "The access token prefixed with the \"Bearer \" key word.",
        "index_route_description": "Retrieve existing cbt exam candidates.",
        "index_route_response_description": "The API's response will be JSON based data. The JSON object will be structured as follow",
        "the_key_is_the_model_property_and_the_value_is_the_model_value": "The array's key is the cbt exam candidate property name where the value is the assigned value to the retrieved cbt exam candidate.",
        "link_to_retrieve_first_page": "Link to retrieve first page.",
        "link_to_retrieve_last_page": "Link to retrieve last page.",
        "link_to_retrieve_previous_page": "Link to retrieve previous page.",
        "link_to_retrieve_next_page": "Link to retrieve next page.",
        "the_number_of_current_page": "The number of current page.",
        "the_index_of_the_first_retrieved_item": "The index of first retrieved cbt exam candidate.",
        "the_number_of_the_last_page": "The number of the last page.",
        "the_base_link_to_the_resource": "The base link to the api resource.",
        "the_number_of_models_per_page": "The number of cbt exam candidates per page.",
        "the_index_of_the_last_retrieved_item": "The index of last retrieved cbt exam candidate.",
        "the_total_of_available_pages": "The total of the available pages.",
        "store_route_description": "Create new cbt exam candidate.",
        "store_route_response_description": "The API's response will be JSON based data. The JSON object will be structured as follow",
        "update_route_description": "Update existing cbt exam candidate.",
        "update_route_response_description": "The API's response will be JSON based data. The JSON object will be structured as follow",
        "show_route_description": "Retrieve existing cbt exam candidate.",
        "show_route_response_description": "The API's response will be JSON based data. The JSON object will be structured as follow",
        "the_id_of_model_to_retrieve": "The unique id of the cbt exam candidate to retrieve",
        "destroy_route_description": "Delete existing cbt exam candidate.",
        "destroy_route_response_description": "The API's response will be JSON based data. The JSON object will be structured as follow",
        "the_id_of_model_to_delete": "The id of the cbt exam candidate to delete.",
        "general_description": "Allows you to list, create, edit, show and delete cbt exam candidates.",
        "indicate_whether_the_request_was_successful_or_not": "Indicate whether the request was successful or not.",
        "the_id_of_the_model": "The id of the cbt exam candidate.",
        "this_parameter_must_be_present_in_the_request": "This parameter must be present in the request.",
        "the_request_failed_validation": "The request failed validation.",
        "list_of_the_invalid_errors": "List of the invalid errors.",
        "the_requested_model_does_not_exists": "The requested cbt exam candidate does not exists.",
        "the_user_does_not_have_permission_to_access_the_requested_resource": "User does not have permission to access the requested resource."
    }
}