{
    "fields": [
        {
            "name": "id",
            "labels": "Id",
            "html-type": "text",
            "css-class": "",
            "options": {},
            "html-value": null,
            "validation": "",
            "is-on-index": false,
            "is-on-show": false,
            "is-on-form": false,
            "data-type": "string",
            "data-type-params": [],
            "data-value": null,
            "is-index": false,
            "is-unique": false,
            "is-primary": true,
            "comment": null,
            "is-nullable": false,
            "is-header": false,
            "is-unsigned": true,
            "is-auto-increment": true,
            "is-inline-options": false,
            "is-date": false,
            "date-format": "",
            "cast-as": "",
            "placeholder": "Enter id here...",
            "delimiter": "; ",
            "range": [],
            "foreign-relation": null,
            "foreign-constraint": null,
            "on-store": null,
            "on-update": null,
            "api-key": "id",
            "is-api-visible": true,
            "api-description": "The id of the model."
        },
        {
            "name": "cbt_exam_question_id",
            "labels": "Cbt Exam Question",
            "html-type": "select",
            "css-class": "",
            "options": {},
            "html-value": null,
            "validation": "required",
            "is-on-index": true,
            "is-on-show": true,
            "is-on-form": true,
            "data-type": "string",
            "data-type-params": [],
            "data-value": null,
            "is-index": true,
            "is-unique": false,
            "is-primary": false,
            "comment": null,
            "is-nullable": false,
            "is-header": false,
            "is-unsigned": true,
            "is-auto-increment": false,
            "is-inline-options": false,
            "is-date": false,
            "date-format": "",
            "cast-as": "",
            "placeholder": "Select cbt exam question",
            "delimiter": "; ",
            "range": [],
            "foreign-relation": {
                "name": "CbtExamQuestion",
                "type": "belongsTo",
                "params": [
                    "App\\Models\\CbtExamQuestion",
                    "cbt_exam_question_id",
                    "id"
                ],
                "field": "created_at"
            },
            "foreign-constraint": {
                "field": "cbt_exam_question_id",
                "references": "cbt_exam_questions",
                "on": "id",
                "on-delete": "cascade",
                "on-update": "no action",
                "references-model": "App\\Models\\CbtExamQuestion",
                "is-self-reference": false
            },
            "on-store": null,
            "on-update": null,
            "api-key": "cbt_exam_question_id",
            "is-api-visible": true,
            "api-description": "The cbt exam question of the model."
        },
        {
            "name": "cbt_option_id",
            "labels": "Cbt Option",
            "html-type": "select",
            "css-class": "",
            "options": {},
            "html-value": null,
            "validation": "required",
            "is-on-index": true,
            "is-on-show": true,
            "is-on-form": true,
            "data-type": "string",
            "data-type-params": [],
            "data-value": null,
            "is-index": true,
            "is-unique": false,
            "is-primary": false,
            "comment": null,
            "is-nullable": false,
            "is-header": false,
            "is-unsigned": true,
            "is-auto-increment": false,
            "is-inline-options": false,
            "is-date": false,
            "date-format": "",
            "cast-as": "",
            "placeholder": "Select cbt option",
            "delimiter": "; ",
            "range": [],
            "foreign-relation": {
                "name": "CbtOption",
                "type": "belongsTo",
                "params": [
                    "App\\Models\\CbtOption",
                    "cbt_option_id",
                    "id"
                ],
                "field": "body"
            },
            "foreign-constraint": {
                "field": "cbt_option_id",
                "references": "cbt_options",
                "on": "id",
                "on-delete": "cascade",
                "on-update": "no action",
                "references-model": "App\\Models\\CbtOption",
                "is-self-reference": false
            },
            "on-store": null,
            "on-update": null,
            "api-key": "cbt_option_id",
            "is-api-visible": true,
            "api-description": "The cbt option of the model."
        },
        {
            "name": "cbt_exam_candidate_id",
            "labels": "Cbt Exam Candidate",
            "html-type": "select",
            "css-class": "",
            "options": {},
            "html-value": null,
            "validation": "required",
            "is-on-index": true,
            "is-on-show": true,
            "is-on-form": true,
            "data-type": "string",
            "data-type-params": [],
            "data-value": null,
            "is-index": true,
            "is-unique": false,
            "is-primary": false,
            "comment": null,
            "is-nullable": false,
            "is-header": false,
            "is-unsigned": true,
            "is-auto-increment": false,
            "is-inline-options": false,
            "is-date": false,
            "date-format": "",
            "cast-as": "",
            "placeholder": "Select cbt exam candidate",
            "delimiter": "; ",
            "range": [],
            "foreign-relation": {
                "name": "CbtExamCandidate",
                "type": "belongsTo",
                "params": [
                    "App\\Models\\CbtExamCandidate",
                    "cbt_exam_candidate_id",
                    "id"
                ],
                "field": "email"
            },
            "foreign-constraint": {
                "field": "cbt_exam_candidate_id",
                "references": "cbt_exam_candidates",
                "on": "id",
                "on-delete": "cascade",
                "on-update": "no action",
                "references-model": "App\\Models\\CbtExamCandidate",
                "is-self-reference": false
            },
            "on-store": null,
            "on-update": null,
            "api-key": "cbt_exam_candidate_id",
            "is-api-visible": true,
            "api-description": "The cbt exam candidate of the model."
        },
        {
            "name": "is_history",
            "labels": "Is History",
            "html-type": "checkbox",
            "css-class": "",
            "options": {
                "0": "No",
                "1": "Yes"
            },
            "html-value": null,
            "validation": "boolean",
            "is-on-index": true,
            "is-on-show": true,
            "is-on-form": true,
            "data-type": "bool",
            "data-type-params": [],
            "data-value": "0",
            "is-index": false,
            "is-unique": false,
            "is-primary": false,
            "comment": null,
            "is-nullable": true,
            "is-header": false,
            "is-unsigned": false,
            "is-auto-increment": false,
            "is-inline-options": false,
            "is-date": false,
            "date-format": "",
            "cast-as": "",
            "placeholder": {},
            "delimiter": "; ",
            "range": [],
            "foreign-relation": null,
            "foreign-constraint": null,
            "on-store": null,
            "on-update": null,
            "api-key": "is_history",
            "is-api-visible": true,
            "api-description": "The is history of the model."
        },
        {
            "name": "created_at",
            "labels": "Created At",
            "html-type": "text",
            "css-class": "",
            "options": {},
            "html-value": null,
            "validation": "",
            "is-on-index": false,
            "is-on-show": true,
            "is-on-form": false,
            "data-type": "timestamp",
            "data-type-params": [],
            "data-value": null,
            "is-index": false,
            "is-unique": false,
            "is-primary": false,
            "comment": null,
            "is-nullable": true,
            "is-header": false,
            "is-unsigned": false,
            "is-auto-increment": false,
            "is-inline-options": false,
            "is-date": false,
            "date-format": "j/n/Y g:i A",
            "cast-as": "",
            "placeholder": "Enter created at here...",
            "delimiter": "; ",
            "range": [],
            "foreign-relation": null,
            "foreign-constraint": null,
            "on-store": null,
            "on-update": null,
            "api-key": "created_at",
            "is-api-visible": false,
            "api-description": "The created at of the model."
        },
        {
            "name": "updated_at",
            "labels": "Updated At",
            "html-type": "text",
            "css-class": "",
            "options": {},
            "html-value": null,
            "validation": "",
            "is-on-index": false,
            "is-on-show": true,
            "is-on-form": false,
            "data-type": "timestamp",
            "data-type-params": [],
            "data-value": null,
            "is-index": false,
            "is-unique": false,
            "is-primary": false,
            "comment": null,
            "is-nullable": true,
            "is-header": false,
            "is-unsigned": false,
            "is-auto-increment": false,
            "is-inline-options": false,
            "is-date": false,
            "date-format": "j/n/Y g:i A",
            "cast-as": "",
            "placeholder": "Enter updated at here...",
            "delimiter": "; ",
            "range": [],
            "foreign-relation": null,
            "foreign-constraint": null,
            "on-store": null,
            "on-update": null,
            "api-key": "updated_at",
            "is-api-visible": false,
            "api-description": "The updated at of the model."
        }
    ],
    "relations": [],
    "indexes": [],
    "auto-manage-created-and-updated-at": true,
    "table-name": "cbt_question_responses",
    "protection": {
        "is-model-protected": false,
        "is-controller-protected": false,
        "is-api-resource-protected": false,
        "is-api-resource-collection-protected": false,
        "is-api-documentation-protected": false,
        "is-api-documentation-controller-protected": false,
        "is-form-request-protected": false,
        "is-languages-protected": false,
        "is-form-view-protected": false,
        "is-index-view-protected": false,
        "is-create-view-protected": false,
        "is-edit-view-protected": false,
        "is-show-view-protected": false
    },
    "api-documentation": {
        "access_token_with_bearer": "The access token prefixed with the \"Bearer \" key word.",
        "index_route_description": "Retrieve existing cbt question responses.",
        "index_route_response_description": "The API's response will be JSON based data. The JSON object will be structured as follow",
        "the_key_is_the_model_property_and_the_value_is_the_model_value": "The array's key is the cbt question response property name where the value is the assigned value to the retrieved cbt question response.",
        "link_to_retrieve_first_page": "Link to retrieve first page.",
        "link_to_retrieve_last_page": "Link to retrieve last page.",
        "link_to_retrieve_previous_page": "Link to retrieve previous page.",
        "link_to_retrieve_next_page": "Link to retrieve next page.",
        "the_number_of_current_page": "The number of current page.",
        "the_index_of_the_first_retrieved_item": "The index of first retrieved cbt question response.",
        "the_number_of_the_last_page": "The number of the last page.",
        "the_base_link_to_the_resource": "The base link to the api resource.",
        "the_number_of_models_per_page": "The number of cbt question responses per page.",
        "the_index_of_the_last_retrieved_item": "The index of last retrieved cbt question response.",
        "the_total_of_available_pages": "The total of the available pages.",
        "store_route_description": "Create new cbt question response.",
        "store_route_response_description": "The API's response will be JSON based data. The JSON object will be structured as follow",
        "update_route_description": "Update existing cbt question response.",
        "update_route_response_description": "The API's response will be JSON based data. The JSON object will be structured as follow",
        "show_route_description": "Retrieve existing cbt question response.",
        "show_route_response_description": "The API's response will be JSON based data. The JSON object will be structured as follow",
        "the_id_of_model_to_retrieve": "The unique id of the cbt question response to retrieve",
        "destroy_route_description": "Delete existing cbt question response.",
        "destroy_route_response_description": "The API's response will be JSON based data. The JSON object will be structured as follow",
        "the_id_of_model_to_delete": "The id of the cbt question response to delete.",
        "general_description": "Allows you to list, create, edit, show and delete cbt question responses.",
        "indicate_whether_the_request_was_successful_or_not": "Indicate whether the request was successful or not.",
        "the_id_of_the_model": "The id of the cbt question response.",
        "this_parameter_must_be_present_in_the_request": "This parameter must be present in the request.",
        "the_request_failed_validation": "The request failed validation.",
        "list_of_the_invalid_errors": "List of the invalid errors.",
        "the_requested_model_does_not_exists": "The requested cbt question response does not exists.",
        "the_user_does_not_have_permission_to_access_the_requested_resource": "User does not have permission to access the requested resource."
    }
}